﻿{"cameraMode":{"drawMode":0,"name":"Shaded","section":"Shading Mode"},"sceneLighting":true,"audioPlay":false,"sceneViewState":{"showFog":true,"showMaterialUpdate":false,"showSkybox":true,"showFlares":true,"showImageEffects":true,"showParticleSystems":true},"in2DMode":false,"pivot":{"x":9.434793472290039,"y":-2.8347978591918947,"z":-1.1044528484344483},"rotation":{"x":0.20748887956142426,"y":0.7229101061820984,"z":-0.24519436061382295,"w":0.6117426753044128},"size":16.642412185668947,"orthographic":false}