﻿{"cameraMode":{"drawMode":0,"name":"Shaded","section":"Shading Mode"},"sceneLighting":false,"audioPlay":false,"sceneViewState":{"showFog":true,"showMaterialUpdate":false,"showSkybox":false,"showFlares":true,"showImageEffects":true,"showParticleSystems":true},"in2DMode":false,"pivot":{"x":0.0,"y":0.025249987840652467,"z":-0.079072505235672},"rotation":{"x":-0.03466745838522911,"y":-0.8348458409309387,"z":0.05292586609721184,"w":-0.5468359589576721},"size":2.935229778289795,"orthographic":false}